sentence,references
"Early applications of splatting techniques, typically in two dimensions, evolved over time to accommodate the complexities of 3D data [3]",[3] A Survey on 3D Gaussian Splatting
The introduction of Gaussian splatting brought about a more adaptable framework capable of high fidelity scene depiction without significant increases in resource consumption [2],[2] Recent Advances in 3D Gaussian Splatting
"Furthermore, continuous improvements in algorithms have enabled the adaptation of 3DGS for dynamic scene representation, a domain traditionally dominated by spatial-temporal techniques [4]",[4] 4D Gaussian Splatting  Towards Efficient Novel View Synthesis for  Dynamic Scenes
"Such speed is achieved through the efficient rasterization of Gaussian ellipsoids into images, a process that lends itself well to the development of interactive applications like virtual reality, gaming, and robotics [1]",[1] 3D Gaussian as a New Vision Era  A Survey
"Additionally, the explicit nature of Gaussian primitives facilitates intuitive editing operations, allowing for real-time modifications that were previously unattainable with neural implicit models [5]",[5] GaussianEditor  Swift and Controllable 3D Editing with Gaussian  Splatting
Chief among these is the balance between computational efficiency and rendering quality [6],[6] Reducing the Memory Footprint of 3D Gaussian Splatting
The method necessitates sophisticated optimization strategies to manage memory consumption and ensure the coherent integration of Gaussians across varying scales and resolutions [7],[7] A New Split Algorithm for 3D Gaussian Splatting
"Moreover, ensuring semantic and geometric consistency remains an area of active research, particularly in dynamic scenes where motion intricacies present additional complexities [8]",[8] Motion-aware 3D Gaussian Splatting for Efficient Dynamic Scene  Reconstruction
"For instance, the potential synergy with machine learning holds promise for automating feature extraction and enhancing the fidelity of rendered scenes [9]",[9] 3D Geometry-aware Deformable Gaussian Splatting for Dynamic View  Synthesis
"Additionally, developments in hardware acceleration could further enhance the real-time capabilities of Gaussian splatting, thus expanding its applicability across diverse domains, from medical imaging to interactive media [6]",[6] Reducing the Memory Footprint of 3D Gaussian Splatting
"Key traits of Gaussian functions are their inherent smoothness, which is crucial for achieving visually continuous transitions in rendered scenes, and scalability, allowing them to effectively adapt to varying levels of detail [3]",[3] A Survey on 3D Gaussian Splatting
"Consequently, Gaussian splatting can produce renderings with high visual fidelity, crucial for applications demanding realism, such as augmented reality and cinema-quality visual effects [10]",[10] Spec-Gaussian  Anisotropic View-Dependent Appearance for 3D Gaussian  Splatting
"Moreover, smoothness enables anti-aliasing techniques to be more effectively integrated, further enhancing image quality by mitigating the jagged edges seen in lower-resolution renderings [11]",[11] Analytic-Splatting  Anti-Aliased 3D Gaussian Splatting via Analytic  Integration
This adaptability is especially beneficial in handling extensive datasets or supporting real-time applications where computational resources are a constraint [12],[12] Pixel-GS  Density Control with Pixel-aware Gradient for 3D Gaussian  Splatting
"While isotropic Gaussians offer computational simplicity and are effective for spherical or evenly distributed features, anisotropic Gaussians, defined by a non-diagonal covariance matrix, provide enhanced control over shape and orientation, supporting superior modeling of intricate geometries [10]",[10] Spec-Gaussian  Anisotropic View-Dependent Appearance for 3D Gaussian  Splatting
"This aspect can significantly impact applications requiring detailed geometrical accuracy, such as medical imaging and cultural heritage preservation, where distinguishing subtle structural variations is critical [3]",[3] A Survey on 3D Gaussian Splatting
Emerging trends involve hybrid approaches that integrate Gaussian splatting with mesh-based techniques for improved geometrical representation and rendering accuracy [13],[13] GaMeS  Mesh-Based Adapting and Modification of Gaussian Splatting
"Future research may further explore the synergy between Gaussian splatting and machine learning strategies for dynamic scene comprehension and automation in parameter optimization, potentially leading to more autonomous and scalable rendering systems [14]",[14] Text-to-3D using Gaussian Splatting
"This foundational step is critical as it establishes the framework for subsequent rendering processes, ensuring splats are accurately positioned and aligned within the 3D space [15]","[15] 3D Gaussian Splatting: Survey, Technologies, Challenges, and Opportunities"
"Recent advancements are addressing the limitations of SfM, particularly in challenging environments such as textureless or expansive spaces, by integrating volume-based optimizations and hybrid representations [16]",[16] HO-Gaussian  Hybrid Optimization of 3D Gaussian Splatting for Urban  Scenes
"Innovations such as anisotropic splatting have been introduced to dynamically adjust these Gaussian distributions according to varied perspectives, significantly enhancing the fidelity of rendered images [17]",[17] 3D Gaussian Splatting for Real-Time Radiance Field Rendering
"By employing ray-casting strategies within Gaussian fields, novel algorithms effectively tackle occlusions and geometric complexities in real-time, merging the immediate visual precision of Gaussian surfaces with volumetric depth and material richness [18]",[18] GS-IR  3D Gaussian Splatting for Inverse Rendering
"This explicit geometric representation facilitates dynamic scene interaction and editing, less achievable with conventional volumetric approaches [3]",[3] A Survey on 3D Gaussian Splatting
"However, this advantage comes with its own challenges, such as increased memory usage due to storing individual Gaussians and their properties, a challenge being addressed by emerging compression techniques [19]",[19] Compressed 3D Gaussian Splatting for Accelerated Novel View Synthesis
"Current trends in 3DGS are exploring hierarchical representations to improve scalability by implementing multi-level Gaussian structures, allowing for detail-preserving simplifications in extensive scenes [20]",[20] A Hierarchical 3D Gaussian Representation for Real-Time Rendering of Very Large Datasets
"The integration of machine learning models provides promising pathways for automating the optimization and fine-tuning of Gaussian parameters, potentially unlocking more complex and interactive real-time applications without compromising rendering quality [15]","[15] 3D Gaussian Splatting: Survey, Technologies, Challenges, and Opportunities"
"The work by FlashGS [21] highlights the importance of algorithmic and kernel-level optimizations, such as redundancy elimination and efficient pipelining, which significantly boost computational efficiency on GPU architectures",[21] FlashGS: Efficient 3D Gaussian Splatting for Large-scale and High-resolution Rendering
"Multi-GPU setups, as detailed in [22], offer a Level-of-Detail (LOD) approach, dynamically selecting Gaussian detail levels to match rendering contexts, thereby optimizing computational loads and ensuring consistent performance across varying scene complexities",[22] Octree-GS  Towards Consistent Real-time Rendering with LOD-Structured 3D  Gaussians
"For instance, RadSplat [23] leverages radiance fields as prior information to improve rendering quality while maintaining speed, yet this requires substantial initial computation",[23] RadSplat  Radiance Field-Informed Gaussian Splatting for Robust  Real-Time Rendering with 900+ FPS
"Additionally, adaptive densification strategies, as explored in [24] and [25], address over-reconstruction issues by dynamically adjusting Gaussian density based on scene complexity, ensuring high fidelity without unnecessary computational burden",[24] AbsGS  Recovering Fine Details for 3D Gaussian Splatting;[25] Revising Densification in Gaussian Splatting
"Compressed 3DGS [19] employs sensitivity-aware vector clustering and quantization-aware training to achieve significant compression rates, albeit with some compromises in computational speed",[19] Compressed 3D Gaussian Splatting for Accelerated Novel View Synthesis
"Spectrally pruned models [26] further enhance efficiency by selectively preserving necessary primitives, using neural networks to compensate for quality loss",[26] Spectrally Pruned Gaussian Fields with Neural Compensation
"A frontier in optimization is machine learning integration, as documented in [12]",[12] Pixel-GS  Density Control with Pixel-aware Gradient for 3D Gaussian  Splatting
"Emerging approaches like [27], which incorporates geometric cues to refine Gaussian positions, offer promising improvements",[27] SAGS: Structure-Aware 3D Gaussian Splatting
"This approach dynamically modifies Gaussian density based on scene complexity, thereby improving visual coherence and detail representation without imposing excessive computational strain [25]",[25] Revising Densification in Gaussian Splatting
"For example, compact yet effective representations and algorithms for optimizing Gaussian positions, as demonstrated in [28], allow for enhanced precision while conserving computational resources",[28] Compact 3D Gaussian Representation for Radiance Field
"Innovations like Mip-Splatting introduce multi-scale representations that adapt the Gaussians' scale relative to the camera's spatial frequency, effectively mitigating aliasing artifacts commonly observed in traditional sampling methodologies [29]",[29] Mip-Splatting  Alias-free 3D Gaussian Splatting
Techniques like 4D Gaussian Splatting consider spatio-temporal dimensions to encode motion within static rendering models [30],[30] 4D Gaussian Splatting for Real-Time Dynamic Scene Rendering
"Aligning with findings from [31], 4D Gaussians incorporate time-aware modifications, capturing complex dynamic motions efficiently",[31] Real-time Photorealistic Dynamic Scene Representation and Rendering with  4D Gaussian Splatting
"Solutions in [32] suggest network pruning and attribute quantization to alleviate memory constraints, enabling high-dimensional Gaussian processing without excessive resource demands",[32] LightGaussian  Unbounded 3D Gaussian Compression with 15x Reduction and  200+ FPS
"Concurrently, sophisticated encoding, such as that proposed in [26], demonstrates how memory-efficient models, enhanced by neural networks, can maintain rendering quality while drastically reducing computational footprints",[26] Spectrally Pruned Gaussian Fields with Neural Compensation
"Methods like utilizing regularization terms in differentiable renderers have shown promise in maintaining a uniform distribution of points across surfaces, minimizing topological errors [33]",[33] Differentiable Surface Splatting for Point-based Geometry Processing
"However, handling complex dynamics in scenes necessitates advanced deformation and motion tracking techniques, such as those proposed in deformable models that ensure temporal consistency and high-fidelity renderings [30]",[30] 4D Gaussian Splatting for Real-Time Dynamic Scene Rendering
"For instance, correcting Gaussian orientations to align with surface normals can significantly enhance the depiction of geometric features [34]",[34] DN-Splatter  Depth and Normal Priors for Gaussian Splatting and Meshing
"Iterative procedures, as highlighted in adaptive densification processes, facilitate dynamic refinement, tailoring Gaussian density and distribution to scene complexity [12]",[12] Pixel-GS  Density Control with Pixel-aware Gradient for 3D Gaussian  Splatting
"Techniques for evaluating temporal artifacts, such as those caused by inaccurate motion blur estimations, leverage novel algorithms that integrate temporal coherence into Gaussian models [35]",[35] Spacetime Gaussian Feature Splatting for Real-Time Dynamic View  Synthesis
"For instance, the use of neural compensation techniques aids in dynamically adjusting Gaussian parameters, thereby minimizing manual errors and enhancing scene fidelity [26]",[26] Spectrally Pruned Gaussian Fields with Neural Compensation
"The ability to handle parallel computations efficiently allows GPUs to manage the high computational workload required by 3DGS, especially during the rasterization of Gaussian ellipsoids into images, which demands intensive calculations for each pixel [35]",[35] Spacetime Gaussian Feature Splatting for Real-Time Dynamic View  Synthesis
"For instance, in cloud-based environments, the distributed nature permits simultaneous handling of numerous Gaussian splatting computations, which significantly accelerates the rendering process for large-scale scenes or high-resolution outputs [36]",[36] LGS: A Light-weight 4D Gaussian Splatting for Efficient Surgical Scene Reconstruction
Future research directions should prioritize integrating AI-based optimization techniques to dynamically allocate hardware resources based on scene complexity and rendering requirements [37],[37] SC-GS  Sparse-Controlled Gaussian Splatting for Editable Dynamic Scenes
"By offering a basis for manipulation and customization, these platforms create an environment conducive to both academic research and industry application [21]",[21] FlashGS: Efficient 3D Gaussian Splatting for Large-scale and High-resolution Rendering
"They facilitate the integration of 3DGS capabilities into existing pipelines, thus enabling the leveraging of Gaussian-based rendering in a range of domains [38]",[38] GauStudio  A Modular Framework for 3D Gaussian Splatting and Beyond
"This modularity provides users the flexibility to optimize specific processes, whether related to rendering, geometric processing, or data management [38]",[38] GauStudio  A Modular Framework for 3D Gaussian Splatting and Beyond
"Efforts to mitigate these issues are seen in approaches like the GaussianCube, which introduces structured representations to handle computational overload without compromising performance [39]",[39] GaussianCube  Structuring Gaussian Splatting using Optimal Transport for  3D Generative Modeling
"By embedding 3DGS directly into existing software ecosystems through APIs, developers and researchers can harness Gaussian splatting's potential for real-time rendering in applications such as cinematic effects and interactive museum exhibits [40]",[40] pixelSplat  3D Gaussian Splats from Image Pairs for Scalable  Generalizable 3D Reconstruction
These enhancements promise to increase accuracy and efficiency in 3D scene modeling [18],[18] GS-IR  3D Gaussian Splatting for Inverse Rendering
Techniques such as Gaussian Splatting for Text-to-3D generation [14] exemplify the use of progressive optimization strategies,[14] Text-to-3D using Gaussian Splatting
"For example, methods utilizing Spacetime Gaussian Feature Splatting [35] introduce temporal features into the Gaussians, enhancing the systemâ€™s ability to handle dynamic scenes by learning motion patterns across frames",[35] Spacetime Gaussian Feature Splatting for Real-Time Dynamic View  Synthesis
"For instance, embedding neural features into the Gaussian representation [10] has effectively modeled view-dependent appearances including specular and anisotropic components, surpassing traditional spherical harmonics approaches",[10] Spec-Gaussian  Anisotropic View-Dependent Appearance for 3D Gaussian  Splatting
"One prominent challenge is the training time and computational resources required by deep learning models, which can hinder the practical deployment of 3DGS in resource-constrained settings [19]",[19] Compressed 3D Gaussian Splatting for Accelerated Novel View Synthesis
"Strategies such as memory-efficient methods and accelerative training frameworks have been proposed to mitigate these issues, enabling effective rendering even on low-power devices [41]",[41] Relaxing Accurate Initialization Constraint for 3D Gaussian Splatting
"Moreover, machine learning's synergy with 3DGS indicates promising future trends, including deeper integration with emerging technologies such as virtual reality to enhance immersive experiences and automated scene understanding powered by AI [42]",[42] HUGS  Human Gaussian Splats
"Additionally, leveraging reinforcement learning for adaptive real-time scene rendering and dynamic enhancement continues to be a potent research avenue that can broaden the applicability of 3DGS in interactive media and real-time simulations [35]",[35] Spacetime Gaussian Feature Splatting for Real-Time Dynamic View  Synthesis
The smoothness and scalability intrinsic to Gaussians facilitate the seamless dynamic adjustments vital to immersive VR/AR experiences [17],[17] 3D Gaussian Splatting for Real-Time Radiance Field Rendering
"As the journey progresses beyond static representation, advancements like 4D Gaussian Splatting enable dynamic scene rendering by integrating temporal dimensions, essential for realistic VR/AR experiences [30]",[30] 4D Gaussian Splatting for Real-Time Dynamic Scene Rendering
"Innovations such as LightGaussian aim to reduce storage and compute demands, enabling high-quality VR/AR scene deployment without compromising on performance [32]",[32] LightGaussian  Unbounded 3D Gaussian Compression with 15x Reduction and  200+ FPS
Potential applications span from enhanced real-time spatial analytics to advanced interfaces for smart home devices [20],[20] A Hierarchical 3D Gaussian Representation for Real-Time Rendering of Very Large Datasets
Balancing computational costs with visual fidelity remains a persistent trade-off within this synergistic landscape [6],[6] Reducing the Memory Footprint of 3D Gaussian Splatting
"This explicit representation allows 3DGS to handle dynamic scene interactions efficiently, minimizing latency and ensuring seamless user experiences in VR/AR environments [44]",[44] VR-GS  A Physical Dynamics-Aware Interactive Gaussian Splatting System  in Virtual Reality
"This is particularly beneficial in VR, where latency critically affects user immersion [44]",[44] VR-GS  A Physical Dynamics-Aware Interactive Gaussian Splatting System  in Virtual Reality
The integration of physical dynamics within 3DGS-based systems supplements its realism by modeling interactions with real-world physics [46],[46] Physically Embodied Gaussian Splatting: A Realtime Correctable World Model for Robotics
"Techniques such as the integration of dynamic Gaussians allow for the rich depiction of motion and deformation, providing an experience that mimics real-world physics intricately [46]",[46] Physically Embodied Gaussian Splatting: A Realtime Correctable World Model for Robotics
"Rendering high-resolution dynamic scenes can encounter memory overhead issues due to the vast number of Gaussians required for accurate scene depiction, particularly in mobile or resource-constrained environments [6]",[6] Reducing the Memory Footprint of 3D Gaussian Splatting
"However, the trade-offs often involve a compromise between real-time performance and detail fidelity, where ongoing research focuses on improving rendering algorithms to maintain high visual quality without excessive computational cost [47]",[47] StopThePop  Sorted Gaussian Splatting for View-Consistent Real-time  Rendering
"This interdisciplinary application opens new avenues for research, illustrating the potential of 3DGS to be a holistic solution for mixed reality environments [48]",[48] HiFi4G  High-Fidelity Human Performance Rendering via Compact Gaussian  Splatting
"By employing Gaussian ellipsoids to achieve a continuous, volumetric representation, it offers smoother transitions and more realistic depictions of intricate forms and textures, surpassing traditional methods that rely on discrete meshes or point clouds [28]",[28] Compact 3D Gaussian Representation for Radiance Field
"The relevance of these capabilities is underscored by advancements demonstrated in [17] and [35], which highlight the potential for immediate, clinically-relevant feedback",[17] 3D Gaussian Splatting for Real-Time Radiance Field Rendering;[35] Spacetime Gaussian Feature Splatting for Real-Time Dynamic View  Synthesis
"This level of precision can be particularly advantageous in identifying pathological changes that might be overlooked by conventional imaging methods, a concept also supported by [29]",[29] Mip-Splatting  Alias-free 3D Gaussian Splatting
These scalability concerns echo those identified in [19],[19] Compressed 3D Gaussian Splatting for Accelerated Novel View Synthesis
"Additionally, while Gaussian splatting inherently facilitates the rendering of continuous surfaces, fine-tuning the balance between real-time performance and rendering quality remains a critical area for refinement, as noted in [50]",[50] Surface Reconstruction from Gaussian Splatting via Novel Stereo Views
"Future research is directed towards overcoming these computational challenges, with the integration of machine learning frameworks offering promising avenues for automated Gaussian parameter initialization and optimization, as suggested in [47]",[47] StopThePop  Sorted Gaussian Splatting for View-Consistent Real-time  Rendering
"The core of 3D Gaussian Splatting lies in its ability to model scenes using millions of 3D Gaussians, offering a tangible representation without the computational load typically associated with neural networks [15]","[15] 3D Gaussian Splatting: Survey, Technologies, Challenges, and Opportunities"
"The explicit representation allows for superior control over the rendering process, enabling the detailed preservation of complex geometries often found in historical architecture and sculptures [2]",[2] Recent Advances in 3D Gaussian Splatting
The technique allows the capture of intricate surface details and textures necessary for authentically representing artifacts digitally [51],[51] Radiative Gaussian Splatting for Efficient X-ray Novel View Synthesis
"Furthermore, the explicit modeling of Gaussian-based volumetric structures facilitates comprehensive visual records that aid researchers and historians in interpretative studies and restorations [18]",[18] GS-IR  3D Gaussian Splatting for Inverse Rendering
"In contrast, 3D Gaussian Splatting optimizes rendering through point-based strategies that better handle sparse data, significantly reducing memory footprint without compromising quality [6]",[6] Reducing the Memory Footprint of 3D Gaussian Splatting
"Current research endeavors, such as the implementation of anti-aliasing methodologies [11], aim to mitigate such issues",[11] Analytic-Splatting  Anti-Aliased 3D Gaussian Splatting via Analytic  Integration
"Moreover, initiatives like Spacetime Gaussian Feature Splatting for Real-Time Dynamic View Synthesis are pushing the boundaries further, enabling dynamic interactions with historical models, thereby enhancing education and engagement [35]",[35] Spacetime Gaussian Feature Splatting for Real-Time Dynamic View  Synthesis
"For instance, the synergy between machine learning and Gaussian Splatting could propel digital archiving methods to include predictive capabilities, anticipating wear and enabling preemptive conservation measures [52]",[52] COLMAP-Free 3D Gaussian Splatting
"By ensuring robust digital archives, 3D Gaussian Splatting not only safeguards the past but also brings it to life for future generations [3]",[3] A Survey on 3D Gaussian Splatting
"In contrast, 3DGS allows designers to instantly visualize products within a digital realm, facilitating quicker iterations and fostering innovation [50]",[50] Surface Reconstruction from Gaussian Splatting via Novel Stereo Views
"The realistic visualization capabilities of Gaussian Splatting enable designers to assess product appearances under various lighting conditions and perspectives, enriching decision-making within the design phase [54]",[54] Isotropic Gaussian Splatting for Real-Time Radiance Field Rendering
"By employing surface-aware Gaussian splatting techniques, manufacturing units can simulate stress tests and assess design viability prior to production, thus ensuring higher product quality and durability [34]",[34] DN-Splatter  Depth and Normal Priors for Gaussian Splatting and Meshing
"The employment of millions of small Gaussian primitives can result in significant storage overhead, complicating scalability [32]",[32] LightGaussian  Unbounded 3D Gaussian Compression with 15x Reduction and  200+ FPS
Mitigating these issues involves implementing spectral pruning and parameter quantization techniques to optimize memory usage while maintaining rendering quality [6],[6] Reducing the Memory Footprint of 3D Gaussian Splatting
"Looking ahead, future developments in this domain may focus on hybrid methods that combine 3DGS with traditional mesh-based systems to leverage both explicit and implicit modeling advantages [13]",[13] GaMeS  Mesh-Based Adapting and Modification of Gaussian Splatting
"Continued advancements in compression techniques and distributed computing could further reinforce 3DGS's role in industrial design applications, enabling high-fidelity, real-time rendering for more extensive and complex datasets [55]",[55] HAC  Hash-grid Assisted Context for 3D Gaussian Splatting Compression
"Efforts to address these challenges have led to innovations such as VectorTree Quantization and network pruning, which reduce storage demands without compromising rendering quality [32]",[32] LightGaussian  Unbounded 3D Gaussian Compression with 15x Reduction and  200+ FPS
"Additionally, the introduction of 4D Gaussian Splatting expands the capability to render dynamic scenes, providing a robust framework for synthesizing time-evolving media content, crucial for industries like video games and virtual reality [30]",[30] 4D Gaussian Splatting for Real-Time Dynamic Scene Rendering
"However, their computation is resource-intensive due to the increased number of parameters required to define each Gaussian, as noted in [42]",[42] HUGS  Human Gaussian Splats
Achieving these frame rates necessitates optimizing both the algorithmic efficiency and the underlying hardware utilization [35],[35] Spacetime Gaussian Feature Splatting for Real-Time Dynamic View  Synthesis
"Addressing such challenges, recent works [19] have explored various compression techniques aimed at reducing both the memory footprint and the computational burden, thus enhancing real-time feasibility",[19] Compressed 3D Gaussian Splatting for Accelerated Novel View Synthesis
This necessitates hierarchical and parallel processing strategies to maintain viable rendering speeds [20],[20] A Hierarchical 3D Gaussian Representation for Real-Time Rendering of Very Large Datasets
"As evinced in [25], adaptive and error-resistant densification strategies have been proposed to tailor computational efforts towards areas of higher visual importance, hence optimizing resource allocation without substantial degradation in visual fidelity",[25] Revising Densification in Gaussian Splatting
"With millions of Gaussians depicted, the storage requirements for a single scene often escalate to gigabyte levels, necessitating efficient strategies to address these demands [57]",[57] Gaussian Splatting LK
"Vector quantization, in particular, reduces a large set of Gaussian attributes to a smaller, more manageable ensemble of representative vectors, facilitating storage reduction while maintaining visual fidelity [26]",[26] Spectrally Pruned Gaussian Fields with Neural Compensation
"Spectral pruning is pivotal for discarding redundant Gaussians, yet retaining significant visual components, thereby conserving memory [26]",[26] Spectrally Pruned Gaussian Fields with Neural Compensation
"Furthermore, binary hash grids function as spatial continuity models that establish relational contexts among dispersed Gaussian primitives, thus enhancing data compression [55]",[55] HAC  Hash-grid Assisted Context for 3D Gaussian Splatting Compression
"Hierarchical Gaussian representations offer adaptive level-of-detail modulation, preserving quality in distant or less detailed regions while efficiently utilizing memory [20]",[20] A Hierarchical 3D Gaussian Representation for Real-Time Rendering of Very Large Datasets
"As scenes grow in complexity and scale, such hierarchical strategies prove indispensable by effectively managing rendering resources and memory loads [20]",[20] A Hierarchical 3D Gaussian Representation for Real-Time Rendering of Very Large Datasets
Techniques like the Candidate Pool Strategy enhance texture details while employing progressive optimization to dynamically manage Gaussian densities as scenes evolve [58],[58] GVGEN  Text-to-3D Generation with Volumetric Representation
"Additionally, incorporating data-driven and machine learning strategies offers potential advancements in contextually adaptive data compression, thus elevating memory efficiency without sacrificing rendering quality [55]",[55] HAC  Hash-grid Assisted Context for 3D Gaussian Splatting Compression
Exploring quantum computing resources or tapping into cloud-based infrastructures could provide novel resolutions to today's memory-intensive Gaussian representations [2],[2] Recent Advances in 3D Gaussian Splatting
This approach mitigates aliasing artifacts but poses a challenge in maintaining real-time rendering capabilities [29],[29] Mip-Splatting  Alias-free 3D Gaussian Splatting
"These strategies maintain rendering speeds while preserving visual fidelity, highlighting an approach toward achieving balance [20]",[20] A Hierarchical 3D Gaussian Representation for Real-Time Rendering of Very Large Datasets
"These strategies employ sensitivity-aware clustering and quantization-aware training, achieving considerable memory compression at the cost of a potential increase in computational complexity during the decompression process at runtime [19]",[19] Compressed 3D Gaussian Splatting for Accelerated Novel View Synthesis
"The studies on adaptive errors and optimization, such as those in ""Revising Densification in Gaussian Splatting,"" emphasize automated adaptive density control to ameliorate issues with unnecessary Gaussian densities, thereby decreasing the computational load while still aiming to preserve rendering quality [25]",[25] Revising Densification in Gaussian Splatting
These methods effectively reduce processing time but risk reducing the quality of the visualization output if not implemented with rigorous error mitigation techniques [26],[26] Spectrally Pruned Gaussian Fields with Neural Compensation
"Implementations like ""DN-Splatter: Depth and Normal Priors for Gaussian Splatting and Meshing"" indicate the potential of incorporating geometric cues to enhance fidelity while optimizing computational loads [34]",[34] DN-Splatter  Depth and Normal Priors for Gaussian Splatting and Meshing
"Unlike the continuous volumetric representations found in Neural Radiance Fields (NeRFs), 3D Gaussian primitives are explicit and discrete, creating difficulties in integration [17]",[17] 3D Gaussian Splatting for Real-Time Radiance Field Rendering
"Further complicating this integration are the specialized algorithms required to manage Gaussian-specific operations, including point splatting and anisotropic rendering controls [29]",[29] Mip-Splatting  Alias-free 3D Gaussian Splatting
"Although GPUs excel in parallel processing, they are often strained by the high computational demands of rendering complex 3DGS scenes in real-time [59]",[59] GPU Accelerated Particle Visualization with Splotch
"The challenge is magnified when dealing with dynamic scenes, where the need to continuously update Gaussian parameters imposes a prohibitive computational load [31]",[31] Real-time Photorealistic Dynamic Scene Representation and Rendering with  4D Gaussian Splatting
"Emerging hardware trends, such as specialized accelerators and custom FPGA implementations, offer potential solutions to these limitations by promising reduced computation time and enhanced flexibility in managing the demands of Gaussian splatting [32]",[32] LightGaussian  Unbounded 3D Gaussian Compression with 15x Reduction and  200+ FPS
"Likewise, advancements in distributed computing systems could aid in handling large-volume data processing, essential for scaling up 3DGS applications [60]",[60] On Scaling Up 3D Gaussian Splatting Training
"Neural network-based algorithms for feature extraction and scene understanding must be balanced with real-time processing demands, while managing neural network training intricacies [5]",[5] GaussianEditor  Swift and Controllable 3D Editing with Gaussian  Splatting
Efficiently interfacing these models with Gaussian-based systems necessitates innovative approaches to minimize training time and manage model complexity while maintaining computational efficiency [5],[5] GaussianEditor  Swift and Controllable 3D Editing with Gaussian  Splatting
"The pivotal source of these errors often lies in the initial point cloud generation from Structure-from-Motion (SfM) techniques, which can fail on texture-less surfaces [61]",[61] GaussianPro  3D Gaussian Splatting with Progressive Propagation
"This results in blurred or misaligned scene elements, notably when dealing with dynamic textures or lighting variations [17]",[17] 3D Gaussian Splatting for Real-Time Radiance Field Rendering
"For instance, inconsistent lighting or camera motion during data acquisition can introduce noise and inconsistencies, which are exacerbated during splatting [47]",[47] StopThePop  Sorted Gaussian Splatting for View-Consistent Real-time  Rendering
"Addressing this, FreGS emphasizes progressive frequency regularization to tackle over-reconstruction, aiming to enhance representational fidelity under moving or changing lighting conditions [62]",[62] FreGS  3D Gaussian Splatting with Progressive Frequency Regularization
"Pixel-GS introduces a pixel-aware gradient calculation to dynamically guide Gaussian growth, improving reconcilability with scene changes [12]",[12] Pixel-GS  Density Control with Pixel-aware Gradient for 3D Gaussian  Splatting
"Furthermore, motion-aware frameworks leverage optical flow information to better accommodate dynamic scene reconstruction, highlighting a trend towards integrating motion data as corrective signals in Gaussian manipulation [8]",[8] Motion-aware 3D Gaussian Splatting for Efficient Dynamic Scene  Reconstruction
"To mitigate these errors, redundancy removal and compensation techniques, such as those in Spectrally Pruned Gaussian Fields with Neural Compensation, offer promise by employing spectral pruning to manage redundancy while a lightweight neural network compensates for quality losses [26]",[26] Spectrally Pruned Gaussian Fields with Neural Compensation
"Similarly, StopThePop combats view inconsistency artifacts with a novel hierarchical rasterization approach, improving surface coherency across varying perspectives [47]",[47] StopThePop  Sorted Gaussian Splatting for View-Consistent Real-time  Rendering
Concepts like optimal projection strategies could significantly reduce error artifacts stemming from first-order affine approximations in splatting processes [63],[63] On the Error Analysis of 3D Gaussian Splatting and an Optimal Projection  Strategy
"With their superior parallel processing capabilities, modern GPUs facilitate the rapid execution of massively parallel tasks, making them ideal for the real-time rendering requirements of 3D Gaussian Splatting [35]",[35] Spacetime Gaussian Feature Splatting for Real-Time Dynamic View  Synthesis
"As demonstrated by recent GPU advancements, such as the NVIDIA RTX series, which utilize architectures optimized for ray tracing and AI-based enhancements, the computational bottlenecks that previously constrained 3DGS in real-time scenarios have been significantly mitigated [35]",[35] Spacetime Gaussian Feature Splatting for Real-Time Dynamic View  Synthesis
"By leveraging distributed computing architectures, resources can be efficiently scaled to handle the immense data and processing loads required for high-resolution 3D scene rendering and novel view synthesis [64]",[64] EfficientGS  Streamlining Gaussian Splatting for Large-Scale  High-Resolution Scene Representation
"Moreover, as computational power increases, the demand for optimized algorithms that can effectively harness this power without excessive resource wastage becomes crucial [15]","[15] 3D Gaussian Splatting: Survey, Technologies, Challenges, and Opportunities"
"There is also the ongoing challenge of ensuring that advancements remain accessible and affordable to a broader range of users, particularly in resource-limited environments [36]",[36] LGS: A Light-weight 4D Gaussian Splatting for Efficient Surgical Scene Reconstruction
"Neural networks, for instance, can automate feature extraction processes within 3DGS, resulting in highly detailed scene descriptions and improving the synthesis quality of novel views [65]",[65] gsplat: An Open-Source Library for Gaussian Splatting
"Additionally, learning-based optimization strategies can dynamically adjust rendering parameters, allowing the system to adapt to various scene complexities and ensure optimal visual outcomes [14]",[14] Text-to-3D using Gaussian Splatting
"The integration of 3DGS as a scene representation technique helps address these challenges by offering explicit representations that complement neural network models, enabling efficient data extraction and learning [18]",[18] GS-IR  3D Gaussian Splatting for Inverse Rendering
"Automating the adjustment of Gaussian parameters to suit varying scene characteristics can reduce the manual efforts traditionally required in configuring 3DGS models, thus enhancing the adaptability of rendering processes across diverse settings [28]",[28] Compact 3D Gaussian Representation for Radiance Field
"One such direction involves developing end-to-end differentiable pipelines that seamlessly integrate learning algorithms with 3DGS, providing a streamlined process from data input to high-quality rendering output [7]",[7] A New Split Algorithm for 3D Gaussian Splatting
"Notably, approaches involving Spacetime Gaussian Feature Splatting have shown promise by introducing expressiveness in dynamic scenes through the interpolation of Spacetime Gaussians, which allows for the depiction of motion and rotation [35]",[35] Spacetime Gaussian Feature Splatting for Real-Time Dynamic View  Synthesis
"Additional strides in algorithmic efficiency have been realized through advanced pruning techniques, such as those leveraging sensitivity-aware vector clustering and quantization-aware training to significantly reduce the memory consumption and computational burden while preserving rendering quality [19]",[19] Compressed 3D Gaussian Splatting for Accelerated Novel View Synthesis
"Increasing GPU utilization has been central to this effort, with frameworks like FlashGS offering robust solutions by integrating redundancy elimination and efficient pipeline strategies that accelerate rendering processes [21]",[21] FlashGS: Efficient 3D Gaussian Splatting for Large-scale and High-resolution Rendering
"For instance, Octree-GS introduces an LOD-structured approach that dynamically adjusts the resolution of Gaussian primitives based on the viewer's perspective, ensuring smooth transitions and consistent performance across varying distances [22]",[22] Octree-GS  Towards Consistent Real-time Rendering with LOD-Structured 3D  Gaussians
Strategies like hierarchical Gaussian representations propose solutions by structuring Gaussian primitives into scalable levels capable of maintaining detail fidelity while streamlining computational demands [20],[20] A Hierarchical 3D Gaussian Representation for Real-Time Rendering of Very Large Datasets
"This capability facilitates enhanced planning and intraoperative navigation, as evidenced by [36]",[36] LGS: A Light-weight 4D Gaussian Splatting for Efficient Surgical Scene Reconstruction
"For instance, MVSplat [66] employs feed-forward models to substantially improve rendering speeds, ensuring a seamless user experience in gaming and interactive media",[66] MVSplat  Efficient 3D Gaussian Splatting from Sparse Multi-View Images
"Additionally, GaussianEditor [5] showcases the potential for precise 3D editing, enabling nuanced control over scene composition and visual effects, which is crucial for creative storytelling",[5] GaussianEditor  Swift and Controllable 3D Editing with Gaussian  Splatting
"Techniques like VastGaussian [67] demonstrate how large-scale environments, including cities and heritage sites, can be reconstructed to provide an interactive platform for exploration and analysis",[67] VastGaussian  Vast 3D Gaussians for Large Scene Reconstruction
"This issue is exacerbated by the memory requirements posed by large datasets, necessitating enhancements in compression techniques and efficient data management, as exemplified by LightGaussian [32]",[32] LightGaussian  Unbounded 3D Gaussian Compression with 15x Reduction and  200+ FPS
"For instance, LightGaussian proposes a pruning approach that strategically reduces redundancy by identifying non-essential Gaussians, resulting in an impressive compression while maintaining visual fidelity [57]",[57] Gaussian Splatting LK
"Similarly, Spectrally Pruned Gaussian Fields with Neural Compensation employs spectral down-sampling to efficiently prune Gaussians, supported by neural network compensation to adjust for potential quality losses [26]",[26] Spectrally Pruned Gaussian Fields with Neural Compensation
"One promising technique is the integration of analytical anti-aliasing methods, such as in the Analytic-Splatting framework, which refines the computation of transmittance with an area-based Gaussian integral to suppress noise and enhance image clarity [68]",[68] Gaussian Splatting in Style
"Mip-Splatting introduces a 3D smoothing filter that constraints the Gaussian size relative to sampling frequency, thus mitigating high-frequency artifacts often encountered during zoom operations [29]",[29] Mip-Splatting  Alias-free 3D Gaussian Splatting
"EfficientGS tackles this by advocating for selective Gaussian densification and pruning, which optimizes representation efficiency, thus reducing computational demands during rendering [69]",[69] Taming 3DGS: High-Quality Radiance Fields with Limited Resources
"Furthermore, hierarchical representations, like those in Octree-GS, leverage level-of-detail (LOD) structures to dynamically adjust scene complexity, maintaining consistency in rendering speed and quality across differing scene scales [22]",[22] Octree-GS  Towards Consistent Real-time Rendering with LOD-Structured 3D  Gaussians
"Surface-aligned Gaussian methods, such as SuGaR, utilize mesh regularization to anchor Gaussian primitives with mesh surfaces, allowing for efficient mesh extraction and editing capabilities [70]",[70] SuGaR  Surface-Aligned Gaussian Splatting for Efficient 3D Mesh  Reconstruction and High-Quality Mesh Rendering
"This approach includes combinations like radiance field-informed Gaussian Splatting, which uses radiance fields as a prior to enhance rendering quality while preserving the rapid rendering characteristic of Gaussian methods [23]",[23] RadSplat  Radiance Field-Informed Gaussian Splatting for Robust  Real-Time Rendering with 900+ FPS
"Similarly, integrating depth and normal information has proven effective in augmenting the geometric accuracy of 3D Gaussian Splatting, especially in complex scenes [34]",[34] DN-Splatter  Depth and Normal Priors for Gaussian Splatting and Meshing
"By collapsing the 3D volume into 2D Gaussian disks, these methods offer enhanced surface accuracy and view-consistent geometry modeling [71]",[71] 2D Gaussian Splatting for Geometrically Accurate Radiance Fields
"Spectral pruning and neural compensation strategies, for instance, have been developed to manage and optimize memory consumption by selectively pruning Gaussian elements without sacrificing rendering quality [26]",[26] Spectrally Pruned Gaussian Fields with Neural Compensation
Addressing aliasing and anti-aliasing issues in Gaussian Splatting using methods such as Mip-Splatting marks a crucial progression [29],[29] Mip-Splatting  Alias-free 3D Gaussian Splatting
"In the evolving arena of adaptive and data-driven strategies, methods such as adaptive density control and hierarchical Gaussian Splatting have effectively maintained visual fidelity while accommodating diverse scene complexities [20]",[20] A Hierarchical 3D Gaussian Representation for Real-Time Rendering of Very Large Datasets
"By explicitly representing 3D features through Gaussian primitives, 3DGS offers a blend of rapid rendering speeds and high-fidelity outputs, distinguishing itself from the more computationally intensive implicit methods traditionally employed in areas such as neural radiance fields [2]",[2] Recent Advances in 3D Gaussian Splatting
"This approach not only enhances rendering performance but also enables real-time interaction and editing, crucial for applications in augmented reality (AR), virtual reality (VR), and robotics [46]",[46] Physically Embodied Gaussian Splatting: A Realtime Correctable World Model for Robotics
"Techniques such as hierarchical Gaussian representations and adaptive densification have been proposed to manage this balance effectively, optimizing both memory usage and processing speed while preserving scene detail [20]",[20] A Hierarchical 3D Gaussian Representation for Real-Time Rendering of Very Large Datasets
"Notably, Gaussian Splatting's explicit nature aids in error mitigation and provides a robust framework for view-consistent real-time rendering, yet it mandates high-quality initializations often dependent on Structure-from-Motion (SfM), which can be a bottleneck in large or low-textured scenes [72]",[72] Does Gaussian Splatting need SFM Initialization
"Moreover, innovative methods of employing machine learning for feature extraction and scene optimization have further accelerated the capabilities of 3DGS, enabling faster, more intuitive scene reconstructions [14]",[14] Text-to-3D using Gaussian Splatting
